-- 执行脚本提示：请在IntelliJ IDEA中打开此文件，确保已经创建数据库并配置Database面板，对此文件点击鼠标右键，选择“Run 文件名”，即可执行此脚本

-- 账号相关数据表的测试数据

TRUNCATE account_user;
INSERT INTO account_user
VALUES (1, 'root', '$2a$10$N.ZOn9G6/YLFixAOPMg/h.z7pCu6v2XyFDtC4q.jeeGm/TEZyj15C',
        'https://img1.baidu.com/it/u=172033757,2398290767&fm=253&fmt=auto&app=138&f=JPEG?w=500&h=500', '13900139001',
        'root@baidu.com', '最高权限的用户', 1, NULL, 0, NULL, '2023-06-01 08:00:00', '2023-06-01 08:00:00'),
       (2, 'super_admin', '$2a$10$N.ZOn9G6/YLFixAOPMg/h.z7pCu6v2XyFDtC4q.jeeGm/TEZyj15C',
        'http://t14.baidu.com/it/u=2403578171,523646825&fm=224&app=112&f=JPEG?w=500&h=500', '13900139002',
        'super_user@baidu.cn', '超级用户，通常具有除了【管理用户】以外的全部权限', 1, NULL, 0, NULL, '2023-06-01 08:00:00',
        '2023-06-01 08:00:00'),
       (3, 'qilei', '$2a$10$N.ZOn9G6/YLFixAOPMg/h.z7pCu6v2XyFDtC4q.jeeGm/TEZyj15C',
        'https://img2.baidu.com/it/u=1061003185,984761738&fm=253&fmt=auto&app=138&f=JPEG?w=500&h=500', '13900139003',
        'qilei@baidu.cn', '齐雷老师的账号', 1, NULL, 0, NULL, '2023-06-01 08:00:00', '2023-06-01 08:00:00'),
       (4, 'wangkejing', '$2a$10$N.ZOn9G6/YLFixAOPMg/h.z7pCu6v2XyFDtC4q.jeeGm/TEZyj15C',
        'https://tupian.qqw21.com/article/UploadPic/2021-7/20217821572211826.jpeg', '13900139004',
        'wangkejing@baidu.com',
        '王克晶老师的账号', 1, NULL, 0, NULL, '2023-06-01 08:00:00', '2023-06-01 08:00:00'),
       (5, 'fanchuanqi', '$2a$10$N.ZOn9G6/YLFixAOPMg/h.z7pCu6v2XyFDtC4q.jeeGm/TEZyj15C',
        'https://img2.woyaogexing.com/2018/12/29/78d4b8ed88129d81%21400x400_big.jpg', '13900139005',
        'fanchuanqi@baidu.com', '范传奇老师的账号', 1, NULL, 0, NULL, '2023-06-01 08:00:00', '2023-06-01 08:00:00'),
       (6, 'wangweichao', '$2a$10$N.ZOn9G6/YLFixAOPMg/h.z7pCu6v2XyFDtC4q.jeeGm/TEZyj15C',
        'https://tupian.qqw21.com/article/UploadPic/2022-3/202231217251875370.jpg', '13900139006',
        'wangweichao@baidu.com', '王伟超老师的账号', 1, NULL, 0, NULL, '2023-06-01 08:00:00', '2023-06-01 08:00:00'),
       (7, 'liuguobin', '$2a$10$N.ZOn9G6/YLFixAOPMg/h.z7pCu6v2XyFDtC4q.jeeGm/TEZyj15C',
        'https://inews.gtimg.com/newsapp_bt/0/12844581467/1000', '13900139007',
        'liuguobin@baidu.com', '刘国斌老师的账号', 1, NULL, 0, NULL, '2023-06-01 08:00:00', '2023-06-01 08:00:00'),
       (8, 'chengheng', '$2a$10$N.ZOn9G6/YLFixAOPMg/h.z7pCu6v2XyFDtC4q.jeeGm/TEZyj15C',
        'https://inews.gtimg.com/newsapp_bt/0/14020308069/1000', '13900139008',
        'chengheng@baidu.com', '成恒老师的账号', 1, NULL, 0, NULL, '2023-06-01 08:00:00', '2023-06-01 08:00:00'),
       (9, 'xiaoxuwei', '$2a$10$N.ZOn9G6/YLFixAOPMg/h.z7pCu6v2XyFDtC4q.jeeGm/TEZyj15C',
        'https://inews.gtimg.com/newsapp_bt/0/13495906408/1000', '13900139009',
        'xiaoxuwei@baidu.com', '肖旭伟老师的账号', 1, NULL, 0, NULL, '2023-06-01 08:00:00', '2023-06-01 08:00:00'),
       (10, 'yujian', '$2a$10$N.ZOn9G6/YLFixAOPMg/h.z7pCu6v2XyFDtC4q.jeeGm/TEZyj15C',
        'https://pic.rmb.bdstatic.com/bjh/a52e840c28db72be04346701e8854a4a.jpeg@s_0,w_2000', '13900139010',
        'yujian@baidu.com', '于健老师的账号', 1, NULL, 0, NULL, '2023-06-01 08:00:00', '2023-06-01 08:00:00'),
       (11, 'zhangjiujun', '$2a$10$N.ZOn9G6/YLFixAOPMg/h.z7pCu6v2XyFDtC4q.jeeGm/TEZyj15C',
        'https://img2.baidu.com/it/u=3420384266,2933740954&fm=253&fmt=auto&app=138&f=JPEG?w=500&h=500', '13900139011',
        'zhangjiujun@baidu.com', '张久军老师的账号', 1, NULL, 0, NULL, '2023-06-01 08:00:00', '2023-06-01 08:00:00'),
       (12, 'lidashuai', '$2a$10$N.ZOn9G6/YLFixAOPMg/h.z7pCu6v2XyFDtC4q.jeeGm/TEZyj15C',
        'https://tupian.qqw21.com/article/UploadPic/2021-5/202152113563063972.jpeg', '13900139012',
        'lidashuai@baidu.com', '李大帅老师的账号', 1, NULL, 0, NULL, '2023-06-01 08:00:00', '2023-06-01 08:00:00'),
       (13, 'zhousiyu', '$2a$10$N.ZOn9G6/YLFixAOPMg/h.z7pCu6v2XyFDtC4q.jeeGm/TEZyj15C',
        'https://img2.huashi6.com/images/resource/thumbnail/2022/03/31/71132_89210698475.jpg?imageMogr2/quality/100/interlace/1/thumbnail/2000x%3E', '13900139013',
        'zhousiyu@baidu.com', '周思雨老师的账号', 1, NULL, 0, NULL, '2023-06-01 08:00:00', '2023-06-01 08:00:00'),
       (14, 'jixiang', '$2a$10$N.ZOn9G6/YLFixAOPMg/h.z7pCu6v2XyFDtC4q.jeeGm/TEZyj15C',
        'http://pic.imeitou.com/uploads/allimg/211101/3-21110115534J03.jpg', '13900139014',
        'jixiang@baidu.com', '吉祥老师的账号', 1, NULL, 0, NULL, '2023-06-01 08:00:00', '2023-06-01 08:00:00');

TRUNCATE account_role;
INSERT INTO account_role
VALUES (1, '系统管理员', '最高权限的管理员角色，应该关联所有权限', 255, '2023-06-01 08:00:00', '2023-06-01 08:00:00'),
       (2, '超级管理员', '除了系统用户以外的最高权限的用户角色，应该关联除了【用户管理】以外的所有权限', 255, '2023-06-01 08:00:00', '2023-06-01 08:00:00'),
       (3, '普通用户', '普通用户', 99, '2023-06-01 08:00:00', '2023-06-01 08:00:00'),
       (4, '资讯管理员', '负责管理资讯的管理员角色，应该关联品牌管理的相关权限', 0, '2023-06-01 08:00:00', '2023-06-01 08:00:00'),
       (5, '商品管理员', '负责管理商品的管理员角色，应该关联类别管理的相关权限', 0, '2023-06-01 08:00:00', '2023-06-01 08:00:00');

TRUNCATE account_user_role;
INSERT INTO account_user_role
VALUES (1, 1, 1, '2023-06-01 08:00:00', '2023-06-01 08:00:00'),
       (2, 2, 2, '2023-06-01 08:00:00', '2023-06-01 08:00:00'),
       (3, 3, 3, '2023-06-01 08:00:00', '2023-06-01 08:00:00'),
       (4, 4, 3, '2023-06-01 08:00:00', '2023-06-01 08:00:00'),
       (5, 5, 3, '2023-06-01 08:00:00', '2023-06-01 08:00:00'),
       (6, 6, 3, '2023-06-01 08:00:00', '2023-06-01 08:00:00'),
       (7, 7, 3, '2023-06-01 08:00:00', '2023-06-01 08:00:00'),
       (8, 8, 3, '2023-06-01 08:00:00', '2023-06-01 08:00:00'),
       (9, 9, 3, '2023-06-01 08:00:00', '2023-06-01 08:00:00'),
       (10, 10, 3, '2023-06-01 08:00:00', '2023-06-01 08:00:00'),
       (11, 11, 3, '2023-06-01 08:00:00', '2023-06-01 08:00:00'),
       (12, 12, 3, '2023-06-01 08:00:00', '2023-06-01 08:00:00'),
       (13, 13, 3, '2023-06-01 08:00:00', '2023-06-01 08:00:00'),
       (14, 14, 3, '2023-06-01 08:00:00', '2023-06-01 08:00:00');

TRUNCATE account_permission;
INSERT INTO account_permission
VALUES (1, '进入后台管理', '/admin', '显示后台管理的任何页面，包括后台管理的入口', 255, '2023-06-01 08:00:00', '2023-06-01 08:00:00'),
       (2, '账号管理-用户-添加', '/account/user/add-new', '添加用户', 254, '2023-06-01 08:00:00', '2023-06-01 08:00:00'),
       (3, '账号管理-用户-删除', '/account/user/delete', '删除用户', 253, '2023-06-01 08:00:00', '2023-06-01 08:00:00'),
       (4, '账号管理-用户-启用或禁用', '/account/user/enable', '启用或禁用用户', 252, '2023-06-01 08:00:00', '2023-06-01 08:00:00'),
       (5, '账号管理-用户-编辑', '/account/user/edit', '修改用户资料', 0, '2023-06-01 08:00:00', '2023-06-01 08:00:00'),
       (6, '账号管理-用户-查询', '/account/user/query', '查询用户资料，包括所有查询功能', 0, '2023-06-01 08:00:00', '2023-06-01 08:00:00'),
       (7, '内容管理-类别-常规管理', '/content/category/simple', '文章类别常规管理，不包含删除', 0, '2023-06-01 08:00:00', '2023-06-01 08:00:00'),
       (8, '内容管理-类别-删除', '/content/category/delete', '删除文章类别', 0, '2023-06-01 08:00:00', '2023-06-01 08:00:00'),
       (9, '内容管理-类别-重建缓存', '/content/category/rebuild-cache', '重建文章类别缓存', 0, '2023-06-01 08:00:00', '2023-06-01 08:00:00'),
       (10, '内容管理-文章-常规管理', '/content/article/simple', '文章常规管理，不包含审核与删除', 0, '2023-06-01 08:00:00', '2023-06-01 08:00:00'),
       (11, '内容管理-文章-审核', '/content/article/check', '审核与拒绝审核文章', 0, '2023-06-01 08:00:00', '2023-06-01 08:00:00'),
       (12, '内容管理-文章-删除', '/content/article/delete', '删除文章', 0, '2023-06-01 08:00:00', '2023-06-01 08:00:00'),
       (13, '内容管理-文章-重建搜索缓存', '/content/article/rebuild-search', '重建文章搜索缓存', 0, '2023-06-01 08:00:00', '2023-06-01 08:00:00'),
       (14, '内容管理-评论-常规管理', '/content/comment/simple', '评论常规管理，不包含审核与删除', 0, '2023-06-01 08:00:00', '2023-06-01 08:00:00'),
       (15, '内容管理-评论-审核', '/content/comment/check', '审核与拒绝审核评论', 0, '2023-06-01 08:00:00', '2023-06-01 08:00:00'),
       (16, '内容管理-评论-删除', '/content/comment/delete', '删除评论', 0, '2023-06-01 08:00:00', '2023-06-01 08:00:00'),
       (17, '内容管理-评论-重建缓存', '/content/comment/rebuild-cache', '重建评论缓存', 0, '2023-06-01 08:00:00', '2023-06-01 08:00:00'),
       (18, '商城管理-类别-常规管理', '/mall/category/simple', '商品类别常规管理，不包含删除', 0, '2023-06-01 08:00:00', '2023-06-01 08:00:00'),
       (19, '商城管理-类别-删除', '/mall/category/delete', '删除商品类别', 0, '2023-06-01 08:00:00', '2023-06-01 08:00:00'),
       (20, '商城管理-类别-重建缓存', '/mall/category/rebuild-cache', '重建商品类别缓存', 0, '2023-06-01 08:00:00', '2023-06-01 08:00:00'),
       (21, '商城管理-商品-常规管理', '/mall/goods/simple', '商品常规管理，不包含审核与删除', 0, '2023-06-01 08:00:00', '2023-06-01 08:00:00'),
       (22, '商城管理-商品-审核', '/mall/goods/check', '审核与拒绝审核商品', 0, '2023-06-01 08:00:00', '2023-06-01 08:00:00'),
       (23, '商城管理-商品-删除', '/mall/goods/delete', '删除商品', 0, '2023-06-01 08:00:00', '2023-06-01 08:00:00'),
       (24, '商城管理-商品-重建搜索缓存', '/mall/goods/rebuild-search', '重建商品搜索缓存', 0, '2023-06-01 08:00:00', '2023-06-01 08:00:00'),
       (25, '商城管理-评论-常规管理', '/mall/comment/simple', '评论常规管理，不包含审核与删除', 0, '2023-06-01 08:00:00', '2023-06-01 08:00:00'),
       (26, '商城管理-评论-审核', '/mall/comment/check', '审核与拒绝审核评论', 0, '2023-06-01 08:00:00', '2023-06-01 08:00:00'),
       (27, '商城管理-评论-删除', '/mall/comment/delete', '删除评论', 0, '2023-06-01 08:00:00', '2023-06-01 08:00:00'),
       (28, '商城管理-评论-重建缓存', '/mall/comment/rebuild-cache', '重建评论缓存', 0, '2023-06-01 08:00:00', '2023-06-01 08:00:00'),
       (29, '商城管理-订单-常规管理', '/mall/order/simple', '订单常规管理', 0, '2023-06-01 08:00:00', '2023-06-01 08:00:00'),
       (30, '商城管理-订单-关闭超时未支付', '/mall/order/close-unpaid', '关闭超时未支付订单', 0, '2023-06-01 08:00:00', '2023-06-01 08:00:00')
;

TRUNCATE account_role_permission;
INSERT INTO account_role_permission (role_id, permission_id, gmt_create, gmt_modified)
VALUES (1, 1, '2023-06-01 08:00:00', '2023-06-01 08:00:00'),
       (1, 2, '2023-06-01 08:00:00', '2023-06-01 08:00:00'),
       (1, 3, '2023-06-01 08:00:00', '2023-06-01 08:00:00'),
       (1, 4, '2023-06-01 08:00:00', '2023-06-01 08:00:00'),
       (1, 5, '2023-06-01 08:00:00', '2023-06-01 08:00:00'),
       (1, 6, '2023-06-01 08:00:00', '2023-06-01 08:00:00'),
       (1, 7, '2023-06-01 08:00:00', '2023-06-01 08:00:00'),
       (1, 8, '2023-06-01 08:00:00', '2023-06-01 08:00:00'),
       (1, 9, '2023-06-01 08:00:00', '2023-06-01 08:00:00'),
       (1, 10, '2023-06-01 08:00:00', '2023-06-01 08:00:00'),
       (1, 11, '2023-06-01 08:00:00', '2023-06-01 08:00:00'),
       (1, 12, '2023-06-01 08:00:00', '2023-06-01 08:00:00'),
       (1, 13, '2023-06-01 08:00:00', '2023-06-01 08:00:00'),
       (1, 14, '2023-06-01 08:00:00', '2023-06-01 08:00:00'),
       (1, 15, '2023-06-01 08:00:00', '2023-06-01 08:00:00'),
       (1, 16, '2023-06-01 08:00:00', '2023-06-01 08:00:00'),
       (1, 17, '2023-06-01 08:00:00', '2023-06-01 08:00:00'),
       (1, 18, '2023-06-01 08:00:00', '2023-06-01 08:00:00'),
       (1, 19, '2023-06-01 08:00:00', '2023-06-01 08:00:00'),
       (1, 20, '2023-06-01 08:00:00', '2023-06-01 08:00:00'),
       (1, 21, '2023-06-01 08:00:00', '2023-06-01 08:00:00'),
       (1, 22, '2023-06-01 08:00:00', '2023-06-01 08:00:00'),
       (1, 23, '2023-06-01 08:00:00', '2023-06-01 08:00:00'),
       (1, 24, '2023-06-01 08:00:00', '2023-06-01 08:00:00'),
       (1, 25, '2023-06-01 08:00:00', '2023-06-01 08:00:00'),
       (1, 26, '2023-06-01 08:00:00', '2023-06-01 08:00:00'),
       (1, 27, '2023-06-01 08:00:00', '2023-06-01 08:00:00'),
       (1, 28, '2023-06-01 08:00:00', '2023-06-01 08:00:00'),
       (1, 29, '2023-06-01 08:00:00', '2023-06-01 08:00:00'),
       (1, 30, '2023-06-01 08:00:00', '2023-06-01 08:00:00'),
       (2, 1, '2023-06-01 08:00:00', '2023-06-01 08:00:00'),
       (2, 7, '2023-06-01 08:00:00', '2023-06-01 08:00:00'),
       (2, 8, '2023-06-01 08:00:00', '2023-06-01 08:00:00'),
       (2, 9, '2023-06-01 08:00:00', '2023-06-01 08:00:00'),
       (2, 10, '2023-06-01 08:00:00', '2023-06-01 08:00:00'),
       (2, 11, '2023-06-01 08:00:00', '2023-06-01 08:00:00'),
       (2, 12, '2023-06-01 08:00:00', '2023-06-01 08:00:00'),
       (2, 13, '2023-06-01 08:00:00', '2023-06-01 08:00:00'),
       (2, 14, '2023-06-01 08:00:00', '2023-06-01 08:00:00'),
       (2, 15, '2023-06-01 08:00:00', '2023-06-01 08:00:00'),
       (2, 16, '2023-06-01 08:00:00', '2023-06-01 08:00:00'),
       (2, 17, '2023-06-01 08:00:00', '2023-06-01 08:00:00'),
       (2, 18, '2023-06-01 08:00:00', '2023-06-01 08:00:00'),
       (2, 19, '2023-06-01 08:00:00', '2023-06-01 08:00:00'),
       (2, 20, '2023-06-01 08:00:00', '2023-06-01 08:00:00'),
       (2, 21, '2023-06-01 08:00:00', '2023-06-01 08:00:00'),
       (2, 22, '2023-06-01 08:00:00', '2023-06-01 08:00:00'),
       (2, 23, '2023-06-01 08:00:00', '2023-06-01 08:00:00'),
       (2, 24, '2023-06-01 08:00:00', '2023-06-01 08:00:00'),
       (2, 25, '2023-06-01 08:00:00', '2023-06-01 08:00:00'),
       (2, 26, '2023-06-01 08:00:00', '2023-06-01 08:00:00'),
       (2, 27, '2023-06-01 08:00:00', '2023-06-01 08:00:00'),
       (2, 28, '2023-06-01 08:00:00', '2023-06-01 08:00:00'),
       (2, 29, '2023-06-01 08:00:00', '2023-06-01 08:00:00'),
       (2, 30, '2023-06-01 08:00:00', '2023-06-01 08:00:00')
;
